{"cameraMode":{"drawMode":0,"name":"Shaded","section":"Shading Mode"},"sceneLighting":false,"audioPlay":false,"sceneViewState":{"showFog":true,"showMaterialUpdate":false,"showSkybox":false,"showFlares":true,"showImageEffects":true,"showParticleSystems":true},"in2DMode":false,"pivot":{"x":629.3319091796875,"y":266.1290588378906,"z":0.0},"rotation":{"x":-0.019790159538388253,"y":-0.042881473898887637,"z":0.0008496073423884809,"w":-0.9988850355148315},"size":14.142135620117188,"orthographic":false}